{
  "TRX - Compra de passagem" : {
    "transaction" : "TRX - Compra de passagem",
    "sampleCount" : 55986,
    "errorCount" : 9,
    "errorPct" : 0.016075447,
    "meanResTime" : 1534.6161540385094,
    "medianResTime" : 1390.0,
    "minResTime" : 0.0,
    "maxResTime" : 26413.0,
    "pct1ResTime" : 1684.0,
    "pct2ResTime" : 1880.0,
    "pct3ResTime" : 8146.910000000014,
    "throughput" : 61.51266708710833,
    "receivedKBytesPerSec" : 1468.4663523030856,
    "sentKBytesPerSec" : 65.93363831663378
  },
  "GET - Home" : {
    "transaction" : "GET - Home",
    "sampleCount" : 55852,
    "errorCount" : 2,
    "errorPct" : 0.0035808925,
    "meanResTime" : 370.42474754708894,
    "medianResTime" : 323.0,
    "minResTime" : 229.0,
    "maxResTime" : 16230.0,
    "pct1ResTime" : 455.0,
    "pct2ResTime" : 504.0,
    "pct3ResTime" : 645.0,
    "throughput" : 62.01175127794038,
    "receivedKBytesPerSec" : 288.0679018413278,
    "sentKBytesPerSec" : 7.267002102883637
  },
  "Total" : {
    "transaction" : "Total",
    "sampleCount" : 223056,
    "errorCount" : 9,
    "errorPct" : 0.004034861,
    "meanResTime" : 387.1501192525643,
    "medianResTime" : 338.0,
    "minResTime" : 0.0,
    "maxResTime" : 26413.0,
    "pct1ResTime" : 493.0,
    "pct2ResTime" : 597.0,
    "pct3ResTime" : 8121.700000000048,
    "throughput" : 245.13722589713635,
    "receivedKBytesPerSec" : 1476.6089711368434,
    "sentKBytesPerSec" : 66.21694182845691
  },
  "POST - Confirmar compra" : {
    "transaction" : "POST - Confirmar compra",
    "sampleCount" : 55333,
    "errorCount" : 1,
    "errorPct" : 0.0018072398,
    "meanResTime" : 374.07827155584977,
    "medianResTime" : 331.0,
    "minResTime" : 237.0,
    "maxResTime" : 15565.0,
    "pct1ResTime" : 464.0,
    "pct2ResTime" : 511.0,
    "pct3ResTime" : 661.9900000000016,
    "throughput" : 60.957822074061994,
    "receivedKBytesPerSec" : 344.07389919287317,
    "sentKBytesPerSec" : 26.07375592621011
  },
  "POST - Escolher voo" : {
    "transaction" : "POST - Escolher voo",
    "sampleCount" : 55499,
    "errorCount" : 2,
    "errorPct" : 0.0036036687,
    "meanResTime" : 374.6150741454849,
    "medianResTime" : 332.0,
    "minResTime" : 233.0,
    "maxResTime" : 15687.0,
    "pct1ResTime" : 467.0,
    "pct2ResTime" : 521.0,
    "pct3ResTime" : 662.9900000000016,
    "throughput" : 61.74719907433161,
    "receivedKBytesPerSec" : 405.1432577779926,
    "sentKBytesPerSec" : 18.120116589921675
  },
  "POST - Buscar voos" : {
    "transaction" : "POST - Buscar voos",
    "sampleCount" : 55672,
    "errorCount" : 4,
    "errorPct" : 0.0071849404,
    "meanResTime" : 374.0428222445751,
    "medianResTime" : 330.0,
    "minResTime" : 239.0,
    "maxResTime" : 15526.0,
    "pct1ResTime" : 459.0,
    "pct2ResTime" : 509.0,
    "pct3ResTime" : 641.9900000000016,
    "throughput" : 61.92121262003964,
    "receivedKBytesPerSec" : 445.5735182667689,
    "sentKBytesPerSec" : 15.026772131422414
  }
}